{
  "model_performance": {
    "Random Forest": {
      "accuracy": 1.0,
      "cv_mean": 1.0,
      "cv_std": 0.0
    },
    "Gradient Boosting": {
      "accuracy": 1.0,
      "cv_mean": 1.0,
      "cv_std": 0.0
    },
    "Logistic Regression": {
      "accuracy": 0.9790664100096247,
      "cv_mean": 0.9478946029934168,
      "cv_std": 0.05667052680732082
    }
  },
  "feature_importance": {
    "Random Forest": {
      "facility": 0.0,
      "severity": 0.05462325606260781,
      "priority": 0.03137757440852774,
      "pid": 6.8200158814928e-05,
      "risk_score": 0.08734706160413247,
      "destination_port": 0.07010567532151839,
      "as_number": 0.0011031883174109193,
      "is_security": 0.07076576746033662,
      "is_authentication": 0.12899434769444795,
      "is_network_event": 0.11963145081057959,
      "is_system_event": 0.052448680502549444,
      "device_type_cisco": 0.002960946810259149,
      "device_type_juniper": 0.0013903480358169148,
      "device_type_paloalto": 0.0021897998709967488,
      "program_BGP": 1.957605890963564e-07,
      "program_FIREWALL": 0.0019307137566134211,
      "program_IPSLA": 0.008596370881266403,
      "program_LINEPROTO": 0.0002787683191637411,
      "program_OSPF": 0.00046466273334163873,
      "program_ROUTING": 3.53920836251924e-07,
      "program_SEC_LOGIN": 0.004582254823580401,
      "program_SSH2": 0.00027815420085639116,
      "program_SYS": 0.004915799120058014,
      "program_SYSTEM": 0.00034666675254427346,
      "program_chassisd": 0.004422860134105965,
      "program_devsrvr": 0.004087090047466636,
      "program_kernel": 0.0025094759790870442,
      "program_mgmtsrvr": 0.0010532172386972275,
      "program_reportd": 0.0005987669321181378,
      "program_rpd": 0.0012587064195131359,
      "program_sshd": 0.0038651310914112878,
      "program_sslmgr": 0.0011212034513250631,
      "program_system": 0.00035173263759400483,
      "program_threat": 0.005095802006000179,
      "severity_name_Alert": 0.0027322306041779915,
      "severity_name_Critical": 0.006420715857982476,
      "severity_name_Error": 0.006555205432805456,
      "severity_name_Info": 0.019514901019590216,
      "severity_name_Notice": 0.009812453350202314,
      "severity_name_Warning": 0.006796717028749303,
      "protocol_BGP": 0.0026284481132234565,
      "protocol_ICMP": 0.0,
      "protocol_OSPF": 0.00513538245653275,
      "protocol_TCP": 0.005351365055603285,
      "protocol_UDP": 3.900185342410416e-09,
      "protocol_unknown": 0.01839980562545676,
      "tfidf_0": 0.006493483424386782,
      "tfidf_1": 0.004779327144824849,
      "tfidf_2": 0.0008973549529497218,
      "tfidf_3": 0.00014968585243789424,
      "tfidf_4": 0.0018413455991287144,
      "tfidf_5": 0.00011683738130781076,
      "tfidf_6": 0.001142645831275386,
      "tfidf_7": 0.000856881573476357,
      "tfidf_8": 0.00035840575691822017,
      "tfidf_9": 0.0006364392478445352,
      "tfidf_10": 3.0867054530168075e-05,
      "tfidf_11": 0.0030189150233369292,
      "tfidf_12": 7.045416579918471e-05,
      "tfidf_13": 0.0022723062774392083,
      "tfidf_14": 0.004531133485409997,
      "tfidf_15": 0.005001820783778282,
      "tfidf_16": 0.0006561974840520357,
      "tfidf_17": 0.00011443762651150759,
      "tfidf_18": 1.1705222027541101e-05,
      "tfidf_19": 0.0,
      "tfidf_20": 0.006359139322820453,
      "tfidf_21": 0.004965103878170195,
      "tfidf_22": 0.007712525758866235,
      "tfidf_23": 0.0005901894502449905,
      "tfidf_24": 0.0007086873237679031,
      "tfidf_25": 0.00027148086495115345,
      "tfidf_26": 0.022178667909172743,
      "tfidf_27": 0.003224319431639622,
      "tfidf_28": 0.03843811043638126,
      "tfidf_29": 0.007066542632214491,
      "tfidf_30": 0.0011626749381723944,
      "tfidf_31": 0.004462945929720432,
      "tfidf_32": 0.0033951718810510613,
      "tfidf_33": 0.0049068713409431116,
      "tfidf_34": 0.009405819264516009,
      "tfidf_35": 0.0002801282683758717,
      "tfidf_36": 0.004604777397120292,
      "tfidf_37": 0.0056420633487078275,
      "tfidf_38": 0.0031667299109726975,
      "tfidf_39": 0.0005038230618793941,
      "tfidf_40": 0.0012933111277568519,
      "tfidf_41": 0.010059286098492255,
      "tfidf_42": 5.391583343829643e-08,
      "tfidf_43": 0.0025510229153525594,
      "tfidf_44": 0.0061983249871993265,
      "tfidf_45": 0.0024946866333693135,
      "tfidf_46": 0.011422465571200153,
      "tfidf_47": 0.0018287836310876987,
      "tfidf_48": 0.04957050118364248,
      "tfidf_49": 0.0004032267868974954,
      "hour": 3.0009820445746003e-05,
      "day_of_week": 5.362475132803003e-06,
      "is_weekend": 0.0,
      "is_business_hours": 5.49690779028336e-06
    },
    "Gradient Boosting": {
      "facility": 0.0,
      "severity": 1.7217727271811758e-09,
      "priority": 0.0002448723225731001,
      "pid": 5.475252450339652e-14,
      "risk_score": 1.7489913959746124e-09,
      "destination_port": 7.207563284780618e-13,
      "as_number": 0.0,
      "is_security": 0.27846388569764363,
      "is_authentication": 0.33041085379427254,
      "is_network_event": 0.2489598505697775,
      "is_system_event": 0.14128161662448385,
      "device_type_cisco": 0.0,
      "device_type_juniper": 0.0,
      "device_type_paloalto": 0.0,
      "program_BGP": 0.0,
      "program_FIREWALL": 0.0,
      "program_IPSLA": 0.0,
      "program_LINEPROTO": 0.0,
      "program_OSPF": 0.0,
      "program_ROUTING": 0.0,
      "program_SEC_LOGIN": 0.0,
      "program_SSH2": 0.0,
      "program_SYS": 0.0,
      "program_SYSTEM": 0.00035339039835831154,
      "program_chassisd": 0.0,
      "program_devsrvr": 0.0,
      "program_kernel": 3.517125158515102e-06,
      "program_mgmtsrvr": 0.0,
      "program_reportd": 0.0,
      "program_rpd": 0.0,
      "program_sshd": 0.0,
      "program_sslmgr": 0.0,
      "program_system": 0.0002820075065629306,
      "program_threat": 0.0,
      "severity_name_Alert": 0.0,
      "severity_name_Critical": 2.851144541174574e-12,
      "severity_name_Error": 5.397043221875523e-14,
      "severity_name_Info": 9.871248745341736e-10,
      "severity_name_Notice": 0.0,
      "severity_name_Warning": 0.0,
      "protocol_BGP": 0.0,
      "protocol_ICMP": 0.0,
      "protocol_OSPF": 0.0,
      "protocol_TCP": 0.0,
      "protocol_UDP": 0.0,
      "protocol_unknown": 0.0,
      "tfidf_0": 0.0,
      "tfidf_1": 0.0,
      "tfidf_2": 1.2879273411089427e-16,
      "tfidf_3": 0.0,
      "tfidf_4": 0.0,
      "tfidf_5": 0.0,
      "tfidf_6": 1.065096500007342e-15,
      "tfidf_7": 0.0,
      "tfidf_8": 0.0,
      "tfidf_9": 0.0,
      "tfidf_10": 0.0,
      "tfidf_11": 0.0,
      "tfidf_12": 0.0,
      "tfidf_13": 2.3995218882033887e-15,
      "tfidf_14": 0.0,
      "tfidf_15": -2.557568779846669e-19,
      "tfidf_16": 0.0,
      "tfidf_17": 0.0,
      "tfidf_18": 0.0,
      "tfidf_19": 0.0,
      "tfidf_20": 0.0,
      "tfidf_21": 0.0,
      "tfidf_22": 0.0,
      "tfidf_23": 0.0,
      "tfidf_24": 0.0,
      "tfidf_25": 0.0,
      "tfidf_26": 6.4199559224182006e-12,
      "tfidf_27": 0.0,
      "tfidf_28": 0.0,
      "tfidf_29": 0.0,
      "tfidf_30": 0.0,
      "tfidf_31": -3.508575369266261e-17,
      "tfidf_32": 0.0,
      "tfidf_33": 1.2476256935470602e-12,
      "tfidf_34": 0.0,
      "tfidf_35": 0.0,
      "tfidf_36": 0.0,
      "tfidf_37": 0.0,
      "tfidf_38": 1.4919218326948813e-09,
      "tfidf_39": 0.0,
      "tfidf_40": 0.0,
      "tfidf_41": 0.0,
      "tfidf_42": 0.0,
      "tfidf_43": 0.0,
      "tfidf_44": 6.7381255570078085e-15,
      "tfidf_45": 5.620639600220658e-17,
      "tfidf_46": 0.0,
      "tfidf_47": 0.0,
      "tfidf_48": 0.0,
      "tfidf_49": 0.0,
      "hour": 3.3550603394758843e-16,
      "day_of_week": 1.6094108791169208e-17,
      "is_weekend": 0.0,
      "is_business_hours": 0.0
    }
  },
  "data_insights": {
    "total_events": 20777,
    "unique_categories": [
      "system",
      "security",
      "network",
      "other",
      "authentication"
    ],